,overall accuracy,change accuracy,no change accuracy,precision,recall,dice,kappa,f1
v2_fcef_res,0.8770123106060606,0.6801886690611189,0.8707063360647722,0.25256266692568635,0.6322395317820888,0.32941345091570506,0.2838611186510234,0.36093965977014786
v2_fcef_res_nst,0.9519463741418087,0.36220358831412863,0.9739023880525068,0.5062762277591373,0.3223260407138503,0.3649242487896619,0.2997606621568345,0.3938826098120104
v2_fcef_res_nxt,0.9016802238695549,0.6022717854516073,0.9007517099380493,0.2635155864567919,0.5685179991591157,0.33593132022360805,0.28548823615225655,0.360113717882573
v2_fcfe,0.8940656257398201,0.6251647133718837,0.8932187412724351,0.23693919043536438,0.5819173315257737,0.32361512031638995,0.26965489760605676,0.33675990294809655
