epoch,total time,train loss,lr,val loss
0,0,0.5389868593215943,0.001,0.9329009992735726
